dataset,n,d,minority,epv,honest_auc,honest_pooled_auc,honest_ci_lo,honest_ci_hi,honest_nb_se,honest_nb_lo,honest_nb_hi,fold_p2.5,fold_p97.5,test_selected_mean,test_selected_sd,test_selected_max,grid_grand_mean,grid_grand_sd,n_candidates_total,delta_selection,delta_tuning,delta_total,delta_vs_honest
Ahn2021,114,108,51,0.4722,0.5016,0.4866,0.392,0.5857,0.055,0.3937,0.6095,0.2,0.831,0.5239,0.0644,0.6776,0.4537,0.0815,750,0.1537,0.0703,0.224,0.176
Arita2018,168,683,57,0.0835,0.7703,0.7613,0.6867,0.8306,0.0448,0.6826,0.8581,0.488,0.958,0.8131,0.0702,0.9325,0.7508,0.0757,750,0.1194,0.0623,0.1817,0.1622
BraTS-2021,577,4060,276,0.068,0.5782,0.5747,0.5313,0.6188,0.024,0.5312,0.6253,0.455,0.718,0.5922,0.0326,0.6474,0.5671,0.035,750,0.0552,0.0251,0.0803,0.0692
Brancato2023,58,2380,23,0.0097,0.6585,0.6488,0.5153,0.7777,0.0871,0.4878,0.8292,0.0,1.0,0.7478,0.0957,0.9481,0.6721,0.1097,750,0.2003,0.0757,0.2759,0.2896
C4KC-KiTS,70,315,24,0.0762,0.4032,0.4129,0.3118,0.5184,0.0843,0.2379,0.5684,0.0,0.909,0.6547,0.1007,0.8367,0.5175,0.1195,750,0.182,0.1372,0.3192,0.4336
Colorectal-Liver-Metastases,90,525,14,0.0267,0.678,0.6818,0.5477,0.8114,0.0811,0.5191,0.837,0.177,1.0,0.6987,0.0856,0.8587,0.6132,0.1093,750,0.16,0.0855,0.2455,0.1807
Dai2023,119,851,31,0.0364,0.8145,0.7949,0.6936,0.8796,0.0542,0.7083,0.9207,0.48,1.0,0.8273,0.1028,1.0,0.7384,0.1287,750,0.1727,0.0889,0.2616,0.1855
Deng2023,261,225,94,0.4178,0.8498,0.8467,0.7938,0.8902,0.0286,0.7938,0.9058,0.676,0.984,0.8658,0.0411,0.958,0.8157,0.0548,750,0.0922,0.0501,0.1423,0.1082
Dong2022,279,851,136,0.1598,0.6479,0.6422,0.5776,0.699,0.037,0.5753,0.7206,0.455,0.807,0.7147,0.0499,0.806,0.6562,0.0586,750,0.0913,0.0585,0.1498,0.1581
Fusco2022,54,192,21,0.1094,0.6593,0.6473,0.4935,0.7965,0.0886,0.4857,0.8329,0.167,1.0,0.7157,0.0994,0.9714,0.6344,0.1214,750,0.2557,0.0814,0.3371,0.3121
Granata2021,88,580,41,0.0707,0.5399,0.5373,0.4335,0.646,0.0684,0.4058,0.674,0.15,0.944,0.6562,0.1014,0.8626,0.5859,0.1037,750,0.2065,0.0703,0.2767,0.3228
Granata2024,51,851,13,0.0153,0.7075,0.6945,0.5541,0.8256,0.1161,0.4799,0.9351,0.0,1.0,0.7933,0.1152,1.0,0.6693,0.1342,750,0.2067,0.1241,0.3307,0.2925
HCC-TACE-Seg,84,420,12,0.0286,0.3941,0.3875,0.2686,0.511,0.1048,0.1887,0.5995,0.0,0.857,0.5373,0.1051,0.7727,0.3952,0.1349,750,0.2355,0.1421,0.3775,0.3786
HNSCC,93,105,25,0.2381,0.777,0.766,0.664,0.863,0.0599,0.6596,0.8944,0.429,1.0,0.8199,0.0816,0.9875,0.7628,0.0856,750,0.1676,0.057,0.2247,0.2105
Head-Neck-PET-CT,91,210,30,0.1429,0.7757,0.7672,0.6685,0.8573,0.0526,0.6726,0.8788,0.389,1.0,0.8209,0.0716,0.9532,0.7527,0.0894,750,0.1323,0.0683,0.2006,0.1775
Head-Neck-Radiomics-HN1,137,105,61,0.581,0.7528,0.7419,0.66,0.8183,0.0433,0.6678,0.8377,0.515,0.958,0.7909,0.0535,0.8856,0.752,0.0587,750,0.0947,0.0389,0.1336,0.1328
Hosny2018A,293,984,134,0.1362,0.5936,0.5833,0.5184,0.6448,0.0343,0.5265,0.6608,0.417,0.769,0.6076,0.0457,0.6943,0.5662,0.0525,750,0.0867,0.0414,0.1281,0.1006
Hosny2018B,207,984,60,0.061,0.68,0.6696,0.5931,0.7419,0.0403,0.6011,0.759,0.45,0.879,0.7037,0.071,0.8778,0.6651,0.0744,750,0.1741,0.0386,0.2127,0.1977
Hosny2018C,183,984,50,0.0508,0.4778,0.4804,0.4022,0.5546,0.0509,0.3781,0.5776,0.23,0.786,0.5326,0.0508,0.6417,0.4665,0.0616,750,0.109,0.0662,0.1752,0.1638
Huang2023,212,855,97,0.1135,0.9335,0.9278,0.8822,0.966,0.0216,0.8912,0.9757,0.8,1.0,0.9502,0.0231,0.9901,0.9263,0.0296,750,0.0399,0.0239,0.0638,0.0567
Hunter2023,520,1998,238,0.1191,0.8281,0.827,0.7921,0.8633,0.0208,0.7875,0.8688,0.7,0.917,0.8323,0.0264,0.8886,0.8178,0.028,750,0.0564,0.0145,0.0709,0.0605
ISPY1,161,370,69,0.1865,0.569,0.5556,0.471,0.6388,0.0424,0.4858,0.6522,0.365,0.802,0.5926,0.0615,0.6769,0.5417,0.0722,750,0.0843,0.0509,0.1352,0.1078
Keek2020,273,1322,119,0.09,0.665,0.6555,0.5892,0.7198,0.035,0.5963,0.7336,0.48,0.855,0.6663,0.0447,0.75,0.6349,0.0537,750,0.0837,0.0314,0.1151,0.085
LGG-1p19qDeletion,159,2030,57,0.0281,0.7959,0.7941,0.7168,0.8622,0.0454,0.7069,0.8849,0.527,0.992,0.8238,0.0655,0.9431,0.7752,0.0759,750,0.1193,0.0485,0.1679,0.1472
LNDb,173,105,58,0.5524,0.8225,0.81,0.7473,0.8681,0.0328,0.7583,0.8868,0.6,0.97,0.8453,0.0436,0.9328,0.815,0.0495,750,0.0874,0.0304,0.1178,0.1102
Li2020,51,396,19,0.048,0.7442,0.7206,0.5936,0.8366,0.0811,0.5852,0.9032,0.25,1.0,0.8057,0.1036,1.0,0.7013,0.1334,750,0.1943,0.1043,0.2987,0.2558
Lu2019,75,657,20,0.0304,0.67,0.6549,0.5403,0.7724,0.0734,0.5261,0.8139,0.167,1.0,0.7696,0.0767,0.9118,0.6889,0.0996,750,0.1422,0.0807,0.2229,0.2418
Meningioma-SEG-CLASS,88,2030,38,0.0187,0.6672,0.661,0.5564,0.7666,0.0675,0.5348,0.7995,0.2,1.0,0.7349,0.0739,0.8833,0.6708,0.084,750,0.1484,0.0641,0.2126,0.2162
NSCLC-Radiogenomics,144,105,23,0.219,0.5331,0.5266,0.42,0.631,0.0665,0.4028,0.6635,0.25,0.917,0.6283,0.0815,0.8185,0.5397,0.0868,750,0.1903,0.0886,0.2789,0.2854
OcanaTienda2023,67,1130,32,0.0283,0.4833,0.484,0.3647,0.598,0.0798,0.327,0.6396,0.0,0.921,0.5689,0.0943,0.7818,0.4744,0.1122,750,0.2129,0.0945,0.3074,0.2985
PI-CAI,969,3045,332,0.109,0.7082,0.7056,0.6722,0.7374,0.0174,0.6742,0.7423,0.616,0.803,0.7304,0.0214,0.7809,0.7107,0.0239,750,0.0505,0.0197,0.0702,0.0727
Petrillo2023,128,851,47,0.0552,0.3433,0.3488,0.282,0.4163,0.0548,0.2358,0.4507,0.056,0.639,0.4815,0.0703,0.6029,0.4028,0.0828,750,0.1213,0.0787,0.2,0.2596
Prostate-MRI-US-Biopsy,773,1015,177,0.1744,0.6958,0.6927,0.6502,0.735,0.0228,0.6511,0.7405,0.572,0.818,0.7095,0.0311,0.7779,0.6878,0.0337,750,0.0684,0.0217,0.0901,0.0821
QIN-HEADNECK,59,210,15,0.0714,0.4125,0.445,0.3003,0.6055,0.1108,0.1953,0.6297,0.0,1.0,0.5809,0.1275,0.9231,0.4649,0.1436,750,0.3422,0.116,0.4582,0.5106
Ramella2018,91,242,41,0.1694,0.5958,0.5864,0.4813,0.6897,0.0742,0.4503,0.7413,0.15,1.0,0.6622,0.0888,0.8359,0.592,0.0992,750,0.1737,0.0702,0.2439,0.2401
Sasaki2019,138,587,68,0.1158,0.5848,0.5683,0.4759,0.6527,0.055,0.477,0.6927,0.316,0.87,0.6161,0.0657,0.8005,0.5498,0.0728,750,0.1843,0.0664,0.2507,0.2156
Song2020,260,264,127,0.4811,0.9716,0.9687,0.9477,0.9862,0.01,0.9521,0.9911,0.908,1.0,0.9746,0.0155,1.0,0.9537,0.0255,750,0.0254,0.0209,0.0463,0.0284
UCSF-PDGM,418,7105,45,0.0063,0.9025,0.9005,0.8454,0.9441,0.0272,0.8491,0.9559,0.719,1.0,0.9346,0.0301,0.9917,0.8886,0.056,750,0.0571,0.046,0.1031,0.0892
UPENN-GBM,187,11165,79,0.0071,0.6083,0.6073,0.5375,0.6732,0.0446,0.5208,0.6957,0.346,0.849,0.6264,0.0626,0.779,0.5686,0.0729,750,0.1527,0.0578,0.2105,0.1708
Veeraraghavan2020,150,200,47,0.235,0.4648,0.4634,0.377,0.5438,0.0556,0.3558,0.5738,0.148,0.757,0.5675,0.0651,0.6912,0.4979,0.0725,750,0.1238,0.0696,0.1934,0.2264
WORC-CRLM,77,1015,37,0.0365,0.6208,0.5978,0.4856,0.7055,0.0682,0.4872,0.7545,0.28,1.0,0.6867,0.0843,0.8542,0.6106,0.0933,750,0.1675,0.0761,0.2436,0.2333
WORC-Desmoid,203,1015,72,0.0709,0.7429,0.7423,0.6728,0.8037,0.0446,0.6554,0.8304,0.522,0.941,0.8173,0.068,0.9324,0.746,0.0799,750,0.1151,0.0713,0.1864,0.1895
WORC-GIST,245,1015,121,0.1192,0.7171,0.7118,0.6481,0.7712,0.0368,0.645,0.7892,0.501,0.91,0.7522,0.0505,0.8305,0.7154,0.0553,750,0.0783,0.0368,0.1151,0.1134
WORC-Lipo,114,1015,57,0.0562,0.8293,0.8175,0.7396,0.8877,0.0384,0.7541,0.9045,0.577,1.0,0.8722,0.0456,0.9575,0.8318,0.0562,750,0.0853,0.0405,0.1258,0.1282
WORC-Liver,186,1015,92,0.0906,0.6386,0.631,0.5569,0.6988,0.0397,0.5607,0.7164,0.478,0.854,0.7454,0.0596,0.8724,0.6516,0.0654,750,0.1271,0.0938,0.2208,0.2339
WORC-Melanoma,95,1015,47,0.0463,0.4126,0.4055,0.3232,0.4925,0.0637,0.2877,0.5375,0.059,0.76,0.5255,0.0895,0.7286,0.4393,0.1001,750,0.203,0.0863,0.2893,0.316
Wang2024,67,280,27,0.0964,0.7163,0.7068,0.5846,0.8219,0.0677,0.5836,0.8489,0.29,1.0,0.7863,0.0854,0.9904,0.7006,0.1013,750,0.204,0.0858,0.2898,0.2741
Zhang2023,203,1781,99,0.0556,0.6123,0.6027,0.5267,0.6733,0.0412,0.5315,0.693,0.354,0.805,0.6464,0.0509,0.7688,0.6064,0.058,750,0.1225,0.04,0.1624,0.1566
Zhang2024A,255,3850,110,0.0286,0.7391,0.731,0.6689,0.788,0.0325,0.6754,0.8028,0.567,0.891,0.7491,0.0485,0.8519,0.7292,0.0501,750,0.1028,0.0199,0.1227,0.1128
Zhang2024B,192,833,66,0.0792,0.5932,0.5941,0.513,0.6722,0.0473,0.5005,0.6859,0.351,0.852,0.663,0.0621,0.7618,0.6042,0.0743,750,0.0989,0.0588,0.1577,0.1686
