cohort,arm,n,minority,rep,honest,sel_mean,sel_sd,sel_max,delta_selection
PI-CAI,fix_n,200,90,0,0.6558,0.7037,0.054,0.8496,0.1459
PI-CAI,fix_n,200,70,0,0.7222,0.74,0.0589,0.8632,0.1233
PI-CAI,fix_n,200,50,0,0.6997,0.7562,0.0703,0.9333,0.1772
PI-CAI,fix_n,200,35,0,0.6519,0.7487,0.0739,0.866,0.1173
PI-CAI,fix_n,200,20,0,0.6669,0.7386,0.0926,0.892,0.1534
PI-CAI,fix_e,120,50,0,0.6289,0.6737,0.0648,0.8032,0.1295
PI-CAI,fix_e,200,50,0,0.6329,0.6733,0.0825,0.8015,0.1282
PI-CAI,fix_e,320,50,0,0.7428,0.7794,0.0492,0.884,0.1046
PI-CAI,fix_e,500,50,0,0.6607,0.7014,0.0547,0.8202,0.1188
PI-CAI,fix_n,200,90,1,0.6591,0.7026,0.0579,0.8114,0.1089
PI-CAI,fix_n,200,70,1,0.5893,0.661,0.0655,0.79,0.129
PI-CAI,fix_n,200,50,1,0.6945,0.7648,0.0698,0.9037,0.1389
PI-CAI,fix_n,200,35,1,0.5952,0.6499,0.0778,0.798,0.1481
PI-CAI,fix_n,200,20,1,0.6658,0.7073,0.0639,0.8642,0.1569
PI-CAI,fix_e,120,50,1,0.6363,0.6859,0.086,0.8349,0.149
PI-CAI,fix_e,200,50,1,0.6301,0.6662,0.0582,0.7985,0.1323
PI-CAI,fix_e,320,50,1,0.6995,0.722,0.0632,0.8477,0.1258
PI-CAI,fix_e,500,50,1,0.6239,0.6618,0.0614,0.8114,0.1496
PI-CAI,fix_n,200,90,2,0.6427,0.6841,0.0426,0.7912,0.1072
PI-CAI,fix_n,200,70,2,0.6381,0.7137,0.0661,0.8669,0.1532
PI-CAI,fix_n,200,50,2,0.6813,0.7206,0.0532,0.803,0.0824
PI-CAI,fix_n,200,35,2,0.6137,0.6491,0.0564,0.7718,0.1227
PI-CAI,fix_n,200,20,2,0.6619,0.7599,0.0632,0.8889,0.129
PI-CAI,fix_e,120,50,2,0.6843,0.724,0.0749,0.873,0.149
PI-CAI,fix_e,200,50,2,0.5771,0.6315,0.0541,0.7393,0.1077
PI-CAI,fix_e,320,50,2,0.545,0.5941,0.0669,0.6971,0.103
PI-CAI,fix_e,500,50,2,0.6557,0.7131,0.0785,0.8158,0.1027
Prostate-MRI-US-Biopsy,fix_n,200,90,0,0.6568,0.6965,0.0548,0.8406,0.1441
Prostate-MRI-US-Biopsy,fix_n,200,70,0,0.671,0.6988,0.0537,0.8181,0.1192
Prostate-MRI-US-Biopsy,fix_n,200,50,0,0.5704,0.6458,0.066,0.8,0.1542
Prostate-MRI-US-Biopsy,fix_n,200,35,0,0.6468,0.6822,0.0594,0.79,0.1078
Prostate-MRI-US-Biopsy,fix_n,200,20,0,0.6636,0.7151,0.0932,0.892,0.1769
Prostate-MRI-US-Biopsy,fix_e,120,50,0,0.642,0.6886,0.0805,0.873,0.1844
Prostate-MRI-US-Biopsy,fix_e,200,50,0,0.6825,0.7047,0.0625,0.8089,0.1042
Prostate-MRI-US-Biopsy,fix_e,320,50,0,0.7301,0.743,0.0464,0.8716,0.1286
Prostate-MRI-US-Biopsy,fix_e,500,50,0,0.6025,0.6514,0.0609,0.7857,0.1343
Prostate-MRI-US-Biopsy,fix_n,200,90,1,0.6604,0.712,0.0551,0.844,0.132
Prostate-MRI-US-Biopsy,fix_n,200,70,1,0.7331,0.7361,0.0517,0.8278,0.0917
Prostate-MRI-US-Biopsy,fix_n,200,50,1,0.5245,0.6011,0.0606,0.7274,0.1263
Prostate-MRI-US-Biopsy,fix_n,200,35,1,0.6277,0.6787,0.0647,0.8071,0.1283
Prostate-MRI-US-Biopsy,fix_n,200,20,1,0.6642,0.7532,0.0761,0.8827,0.1295
Prostate-MRI-US-Biopsy,fix_e,120,50,1,0.71,0.7587,0.0611,0.8635,0.1048
Prostate-MRI-US-Biopsy,fix_e,200,50,1,0.6795,0.7029,0.0563,0.803,0.1001
Prostate-MRI-US-Biopsy,fix_e,320,50,1,0.7327,0.7914,0.0562,0.8971,0.1057
Prostate-MRI-US-Biopsy,fix_e,500,50,1,0.6569,0.7033,0.0554,0.8212,0.118
Prostate-MRI-US-Biopsy,fix_n,200,90,2,0.6754,0.7154,0.0565,0.8339,0.1185
Prostate-MRI-US-Biopsy,fix_n,200,70,2,0.6709,0.7225,0.0632,0.8486,0.1261
Prostate-MRI-US-Biopsy,fix_n,200,50,2,0.6827,0.7288,0.0639,0.8519,0.123
Prostate-MRI-US-Biopsy,fix_n,200,35,2,0.7295,0.7567,0.0637,0.878,0.1213
Prostate-MRI-US-Biopsy,fix_n,200,20,2,0.53,0.6536,0.0843,0.8889,0.2352
Prostate-MRI-US-Biopsy,fix_e,120,50,2,0.6869,0.7289,0.0626,0.8603,0.1314
Prostate-MRI-US-Biopsy,fix_e,200,50,2,0.6157,0.6529,0.0654,0.7881,0.1353
Prostate-MRI-US-Biopsy,fix_e,320,50,2,0.7475,0.7703,0.0627,0.8708,0.1005
Prostate-MRI-US-Biopsy,fix_e,500,50,2,0.6837,0.7146,0.0539,0.8657,0.1511
BraTS-2021,fix_n,200,90,0,0.533,0.5673,0.0545,0.697,0.1297
BraTS-2021,fix_n,200,70,0,0.6311,0.6551,0.0549,0.8071,0.152
BraTS-2021,fix_n,200,50,0,0.5439,0.596,0.0711,0.7659,0.17
BraTS-2021,fix_n,200,35,0,0.519,0.5615,0.0637,0.6902,0.1287
BraTS-2021,fix_n,200,20,0,0.7239,0.7673,0.0713,0.8858,0.1185
BraTS-2021,fix_e,120,50,0,0.6477,0.6754,0.0724,0.819,0.1437
BraTS-2021,fix_e,200,50,0,0.5083,0.5425,0.0627,0.7496,0.2071
BraTS-2021,fix_e,320,50,0,0.521,0.5915,0.0673,0.7638,0.1723
BraTS-2021,fix_n,200,90,1,0.6284,0.668,0.0608,0.7924,0.1244
BraTS-2021,fix_n,200,70,1,0.4824,0.5352,0.06,0.6545,0.1192
BraTS-2021,fix_n,200,50,1,0.5663,0.6212,0.0699,0.7585,0.1373
BraTS-2021,fix_n,200,35,1,0.5719,0.5898,0.0751,0.7477,0.1579
BraTS-2021,fix_n,200,20,1,0.5375,0.604,0.0868,0.7469,0.1429
BraTS-2021,fix_e,120,50,1,0.6086,0.6538,0.0651,0.819,0.1652
BraTS-2021,fix_e,200,50,1,0.5167,0.5888,0.0564,0.7037,0.1149
BraTS-2021,fix_e,320,50,1,0.5393,0.5895,0.0749,0.7539,0.1644
BraTS-2021,fix_n,200,90,2,0.5732,0.6237,0.0569,0.752,0.1283
BraTS-2021,fix_n,200,70,2,0.4773,0.5387,0.0623,0.6899,0.1512
BraTS-2021,fix_n,200,50,2,0.5648,0.5946,0.062,0.7393,0.1447
BraTS-2021,fix_n,200,35,2,0.417,0.5292,0.0895,0.724,0.1948
BraTS-2021,fix_n,200,20,2,0.5886,0.6848,0.0902,0.8549,0.1701
BraTS-2021,fix_e,120,50,2,0.6717,0.7017,0.0843,0.8857,0.1841
BraTS-2021,fix_e,200,50,2,0.5685,0.6349,0.0533,0.7733,0.1384
BraTS-2021,fix_e,320,50,2,0.5871,0.6701,0.0798,0.8263,0.1563
Hunter2023,fix_n,200,90,0,0.8143,0.8402,0.0459,0.9349,0.0947
Hunter2023,fix_n,200,70,0,0.7726,0.7998,0.0461,0.9023,0.1025
Hunter2023,fix_n,200,50,0,0.8637,0.878,0.0457,0.957,0.0791
Hunter2023,fix_n,200,35,0,0.8573,0.8935,0.0512,0.998,0.1045
Hunter2023,fix_n,200,20,0,0.8358,0.8522,0.0923,0.9846,0.1323
Hunter2023,fix_e,120,50,0,0.7591,0.7983,0.0707,0.9079,0.1096
Hunter2023,fix_e,200,50,0,0.8117,0.8485,0.0491,0.923,0.0745
Hunter2023,fix_e,320,50,0,0.8483,0.8658,0.0439,0.9613,0.0956
Hunter2023,fix_n,200,90,1,0.8161,0.8092,0.0522,0.9237,0.1145
Hunter2023,fix_n,200,70,1,0.7654,0.7885,0.0523,0.884,0.0955
Hunter2023,fix_n,200,50,1,0.744,0.7615,0.0683,0.8874,0.1259
Hunter2023,fix_n,200,35,1,0.839,0.8479,0.0457,0.95,0.1021
Hunter2023,fix_n,200,20,1,0.5908,0.7045,0.0997,0.8765,0.172
Hunter2023,fix_e,120,50,1,0.7643,0.7799,0.0654,0.9016,0.1217
Hunter2023,fix_e,200,50,1,0.8164,0.8674,0.0497,0.9867,0.1192
Hunter2023,fix_e,320,50,1,0.847,0.8741,0.0375,0.9572,0.0831
Hunter2023,fix_n,200,90,2,0.7874,0.8073,0.0516,0.9248,0.1175
Hunter2023,fix_n,200,70,2,0.7644,0.8011,0.0529,0.917,0.1159
Hunter2023,fix_n,200,50,2,0.834,0.8609,0.046,0.9481,0.0873
Hunter2023,fix_n,200,35,2,0.7778,0.8292,0.0569,0.956,0.1268
Hunter2023,fix_n,200,20,2,0.8139,0.8662,0.0848,0.9907,0.1245
Hunter2023,fix_e,120,50,2,0.8274,0.8655,0.0483,0.9492,0.0837
Hunter2023,fix_e,200,50,2,0.7869,0.8088,0.0491,0.9111,0.1023
Hunter2023,fix_e,320,50,2,0.7925,0.8228,0.0578,0.9259,0.1032
